Choose the month of the statement.,اختر شهر كشف الحساب.,
A statement cannot be for a month that has not started yet.,لا يمكن إصدار كشف حساب لشهر لم يبدأ بعد.,
Customer {0} does not exist.,العميل {0} غير موجود.,
Set a default company first.,حدد الشركة الافتراضية أولاً.,
The ledger for {0} could not be read.,تعذرت قراءة دفتر حساب {0}.,
Statement of account: {0},كشف حساب: {0},
Statement of account,كشف حساب,
"Choose email, WhatsApp or both.",اختر البريد الإلكتروني أو واتساب أو كليهما.,
{0} is not an email address.,{0} ليس عنوان بريد إلكتروني.,
"This ERP has no outgoing email yet. Set it up in the Nezmaro control panel: Marketing, then Your outgoing email.",لا يوجد بريد صادر لهذا النظام بعد. اضبطه من لوحة تحكم نزمارو: التسويق، ثم بريدك الصادر.,
Statement of account for {0}: {1},كشف حساب عن {0}: {1},
"Dear {0},<br><br>Your statement of account for {1} is attached. The balance at the end of the month is {2}.<br><br>{3}",عزيزنا {0}،<br><br>مرفق كشف حسابكم عن {1}. الرصيد في نهاية الشهر {2}.<br><br>{3},
Queued for {0}. It leaves with this ERP's next email run.,في قائمة الإرسال إلى {0}. سيُرسل مع دورة البريد التالية لهذا النظام.,
WhatsApp sending is not set up for this site yet.,إرسال واتساب غير مُعد لهذا الموقع بعد.,
The Nezmaro control plane could not be reached. Try again in a moment.,تعذر الوصول إلى لوحة تحكم نزمارو. حاول مرة أخرى بعد قليل.,
The statement is too large to send on WhatsApp.,كشف الحساب أكبر من أن يُرسل عبر واتساب.,
WhatsApp sending is unavailable right now ({0}).,إرسال واتساب غير متاح الآن ({0}).,
Sent on WhatsApp to {0}.,أُرسل عبر واتساب إلى {0}.,
"WhatsApp is not set up. Connect it in the Nezmaro control panel: Marketing, then WhatsApp.",واتساب غير مُعد. اربطه من لوحة تحكم نزمارو: التسويق، ثم واتساب.,
{0} is not a mobile number WhatsApp can reach.,{0} ليس رقم جوال يمكن الوصول إليه عبر واتساب.,
Too many statements sent in the last hour. Try again later.,أُرسل عدد كبير من كشوف الحساب خلال الساعة الماضية. حاول لاحقاً.,
The statement could not be sent as a PDF.,تعذر إرسال كشف الحساب كملف PDF.,
WhatsApp refused the statement: {0},رفض واتساب كشف الحساب: {0},
Send statement,إرسال كشف حساب,
Statement month,شهر الكشف,
"Opening balance, the month's transactions and the closing balance.",الرصيد الافتتاحي وحركات الشهر والرصيد الختامي.,
By email,بالبريد الإلكتروني,
Email address,عنوان البريد الإلكتروني,
On WhatsApp,عبر واتساب,
WhatsApp number,رقم واتساب,
Send now,أرسل الآن,
Preparing the statement...,جارٍ تجهيز كشف الحساب...,
Statement sent,أُرسل كشف الحساب,
Statement not sent,لم يُرسل كشف الحساب,
Closing balance for {0}: {1},الرصيد الختامي عن {0}: {1},
Preview the PDF,معاينة ملف PDF,
Add to Quote,أضف إلى عرض السعر,
Available on backorder,متاح للطلب المسبق,
Clear Values,مسح القيم,
Continue Selection,متابعة الاختيار,
Go to Cart,اذهب إلى السلة,
Go to Quote,اذهب إلى عرض السعر,
Nex,التالي,
No searches yet.,لا توجد عمليات بحث بعد.,
OFF,خصم,
Out of stock,غير متوفر,
Recent,الأحدث,
Review Submitted,تم إرسال التقييم,
Search for Products,ابحث عن المنتجات,
Select Variant,اختر النوع,
Select Variant for {0},اختر النوع لـ {0},
Something went wrong. Please refresh or contact us.,حدث خطأ. يرجى تحديث الصفحة أو التواصل معنا.,
"Sorry, something went wrong. Please refresh.",عذرًا، حدث خطأ. يرجى تحديث الصفحة.,
Submitting Review ...,جارٍ إرسال التقييم ...,
Thank you for submitting your review,شكرًا لإرسال تقييمك,
Write a Review,اكتب تقييمًا,
Buy now — cash on delivery,اشترِ الآن — الدفع عند الاستلام,
"Choose a colour and size, then press Buy now again.",اختر اللون والمقاس، ثم اضغط «اشترِ الآن» مرة أخرى.,
Could not read your cart. Try again.,تعذّرت قراءة سلتك. حاول مرة أخرى.,
Place order — cash on delivery,أكمل الطلب — الدفع عند الاستلام,
Your cart is empty.,سلتك فارغة.,
"A preferred delivery time, another colour, a gift note",وقت توصيل مفضل، لون آخر، رسالة هدية,
Anything we should know?,هل هناك ما يجب أن نعرفه؟,
Browse the shop,تصفح المتجر,
Cash on delivery. Pay the courier when it arrives.,الدفع عند الاستلام. ادفع لمندوب التوصيل عند وصول الطلب.,
Choose a governorate,اختر المحافظة,
Choose your governorate,اختر محافظتك,
Complete your order,أكمل طلبك,
Confirm order,تأكيد الطلب,
Free,مجاني,
Free delivery over {0},توصيل مجاني للطلبات فوق {0},
Governorate,المحافظة,
Keep shopping,تابع التسوق,
Mobile number,رقم الهاتف المحمول,
Nothing to order,لا يوجد ما يمكن طلبه,
Order received,تم استلام طلبك,
Placing your order…,جارٍ إرسال طلبك…,
Prefer WhatsApp? Message us,تفضّل واتساب؟ راسلنا,
Something went wrong. Please message us on WhatsApp.,حدث خطأ. يرجى مراسلتنا على واتساب.,
"Street, building number, flat, landmark",الشارع، رقم المبنى، الشقة، علامة مميزة,
The name the courier should ask for,الاسم الذي يسأل عنه مندوب التوصيل,
We call this number to confirm your order.,سنتصل بهذا الرقم لتأكيد طلبك.,
We could not place the order. Check your details and try again.,تعذّر إرسال الطلب. راجع بياناتك وحاول مرة أخرى.,
We will call you shortly to confirm. Pay the courier on delivery.,سنتصل بك قريبًا للتأكيد. ادفع لمندوب التوصيل عند الاستلام.,
Your name,اسمك,
Your order,طلبك,
Your order number is,رقم طلبك هو,
optional,اختياري,
Choose a colour and size first.,اختر اللون والمقاس أولًا.,
Choose something to order first.,اختر منتجًا لطلبه أولًا.,
Choose your governorate from the list.,اختر محافظتك من القائمة.,
Delivery to {0},التوصيل إلى {0},
"Enter a valid Egyptian mobile number, for example 01012345678.",أدخل رقم هاتف محمول مصريًا صحيحًا، مثل 01012345678.,
"Enter the full address: street, building and flat.",أدخل العنوان كاملًا: الشارع والمبنى والشقة.,
Enter the name the courier should ask for.,أدخل الاسم الذي يسأل عنه مندوب التوصيل.,
Online ordering is not switched on for this shop yet.,الطلب عبر الإنترنت غير مفعّل لهذا المتجر بعد.,
Quantity must be between 1 and {0}.,يجب أن تكون الكمية بين 1 و{0}.,
That is a lot of orders in one hour. Please message us on WhatsApp instead.,عدد كبير من الطلبات خلال ساعة واحدة. يرجى مراسلتنا على واتساب بدلًا من ذلك.,
That is too many different items for one order.,عدد المنتجات المختلفة كبير جدًا لطلب واحد.,
That item has no price yet. Please contact us to order it.,لا يوجد سعر لهذا المنتج بعد. يرجى التواصل معنا لطلبه.,
That item is no longer available. Browse the shop and try again.,هذا المنتج لم يعد متاحًا. تصفح المتجر وحاول مرة أخرى.,
This shop is not configured yet.,لم يتم إعداد هذا المتجر بعد.,
Your basket could not be read. Try again.,تعذّرت قراءة سلتك. حاول مرة أخرى.,
{0} is not available.,{0} غير متاح.,
{0} is not on sale right now.,{0} غير معروض للبيع حاليًا.,
